--------------------------------------------------------
--  File created - Sunday-February-11-2024   
--------------------------------------------------------
--------------------------------------------------------
--  DDL for Table COURSES
--------------------------------------------------------

CREATE TABLE COURSES(
    COURSE_ID NUMBER(4) NOT NULL,
    COURSE_NAME VARCHAR2(20) NOT NULL,
    DESCRIPTION VARCHAR2(30),
    CREDIT_HOURS NUMBER (2) NOT NULL,
    DEPARTMENT_ID NUMBER(10),
    SEMESTER NUMBER(2,0),
    CONSTRAINT COURSE_PK PRIMARY KEY(COURSE_ID),
    CONSTRAINT DEPARTMENT_COR_FK FOREIGN KEY (DEPARTMENT_ID) REFERENCES DEPARTMENTS (DEPARTMENT_ID)
);
--------------------------------------------------------
--  DDL for Table DEPARTMENTS
--------------------------------------------------------

CREATE TABLE DEPARTMENTS (
    DEPARTMENT_ID NUMBER(10) NOT NULL,
    DEPARTMENT_NAME VARCHAR2(50) NOT NULL,
    CONSTRAINT DEPARTMENTS_PK PRIMARY KEY(DEPARTMENT_ID)
);
--------------------------------------------------------
--  DDL for Table ENROLLMENT
--------------------------------------------------------

CREATE TABLE ENROLLMENT(
    STUDENT_ID NUMBER(10) NOT NULL,
    COURSE_ID NUMBER(4) NOT NULL,
    GRADE CHAR(4),
    POINTS NUMBER(8,4),
    QUALITY_POINTS NUMBER(4),
    CONSTRAINT ENROLLMENT_PK PRIMARY KEY(STUDENT_ID, COURSE_ID),
    CONSTRAINT STUDENT_ENROLL_FK FOREIGN KEY (STUDENT_ID) REFERENCES STUDENTS (STUDENT_ID),
    CONSTRAINT COURSE_ENROLL_FK FOREIGN KEY (COURSE_ID) REFERENCES COURSES(COURSE_ID)
);
--------------------------------------------------------
--  DDL for Table STUDENTS
--------------------------------------------------------

CREATE TABLE STUDENTS (
    STUDENT_ID NUMBER(10) NOT NULL,
    FIRST_NAME VARCHAR2(20) NOT NULL,
    LAST_NAME VARCHAR2(20) NOT NULL,
    EMAIL VARCHAR2(40) NOT NULL,
    PHONE_NUMBER VARCHAR2(15),
    DOB DATE NOT NULL,
    STREET VARCHAR2(30) NOT NULL,
    CITY VARCHAR2(20) NOT NULL,
    GPA NUMBER(2, 2),
    DEPARTMENT_ID NUMBER(10) NOT NULL,
    SEMESTER NUMBER(1,0),
    CONSTRAINT STUDENT_PK PRIMARY KEY (STUDENT_ID),
    CONSTRAINT DEPARTMENT_ST_FK FOREIGN KEY (DEPARTMENT_ID) REFERENCES DEPARTMENTS (DEPARTMENT_ID)
);
REM INSERTING into UNIVERSITY.COURSES
SET DEFINE OFF;
Insert into UNIVERSITY.COURSES (COURSE_ID,COURSE_NAME,DESCRIPTION,CREDIT_HOURS,DEPARTMENT_ID,SEMESTER) values (1,'Anatomy','Study of body structures',40,1,1);
Insert into UNIVERSITY.COURSES (COURSE_ID,COURSE_NAME,DESCRIPTION,CREDIT_HOURS,DEPARTMENT_ID,SEMESTER) values (2,'Comparative Anatomy','Comparison of animal anatomies',40,1,3);
Insert into UNIVERSITY.COURSES (COURSE_ID,COURSE_NAME,DESCRIPTION,CREDIT_HOURS,DEPARTMENT_ID,SEMESTER) values (3,'Human Physiology','Study of bodily functions',50,1,2);
Insert into UNIVERSITY.COURSES (COURSE_ID,COURSE_NAME,DESCRIPTION,CREDIT_HOURS,DEPARTMENT_ID,SEMESTER) values (4,'Medical Biochemistry','Chemical processes in the body',55,1,2);
Insert into UNIVERSITY.COURSES (COURSE_ID,COURSE_NAME,DESCRIPTION,CREDIT_HOURS,DEPARTMENT_ID,SEMESTER) values (5,'Molecular Biology','Study of biological molecules',50,1,3);
Insert into UNIVERSITY.COURSES (COURSE_ID,COURSE_NAME,DESCRIPTION,CREDIT_HOURS,DEPARTMENT_ID,SEMESTER) values (6,'Pharmacology Basics','Introduction to drug actions',40,1,4);
Insert into UNIVERSITY.COURSES (COURSE_ID,COURSE_NAME,DESCRIPTION,CREDIT_HOURS,DEPARTMENT_ID,SEMESTER) values (7,'General Pathology','Study of disease mechanisms',50,1,4);
Insert into UNIVERSITY.COURSES (COURSE_ID,COURSE_NAME,DESCRIPTION,CREDIT_HOURS,DEPARTMENT_ID,SEMESTER) values (8,'Comparative Anatomy','Animal anatomy comp.',40,1,3);
Insert into UNIVERSITY.COURSES (COURSE_ID,COURSE_NAME,DESCRIPTION,CREDIT_HOURS,DEPARTMENT_ID,SEMESTER) values (9,'Human Physiology','Bodily functions study',50,1,2);
Insert into UNIVERSITY.COURSES (COURSE_ID,COURSE_NAME,DESCRIPTION,CREDIT_HOURS,DEPARTMENT_ID,SEMESTER) values (10,'Exercise Physiology','Exercise effects study',45,1,3);
Insert into UNIVERSITY.COURSES (COURSE_ID,COURSE_NAME,DESCRIPTION,CREDIT_HOURS,DEPARTMENT_ID,SEMESTER) values (11,'Medical Biochemistry','Chemical processes study',55,1,2);
Insert into UNIVERSITY.COURSES (COURSE_ID,COURSE_NAME,DESCRIPTION,CREDIT_HOURS,DEPARTMENT_ID,SEMESTER) values (12,'Molecular Biology','Biomolecules study',50,1,3);
Insert into UNIVERSITY.COURSES (COURSE_ID,COURSE_NAME,DESCRIPTION,CREDIT_HOURS,DEPARTMENT_ID,SEMESTER) values (13,'Pharmacology Basics','Drug actions intro.',40,1,4);
Insert into UNIVERSITY.COURSES (COURSE_ID,COURSE_NAME,DESCRIPTION,CREDIT_HOURS,DEPARTMENT_ID,SEMESTER) values (14,'General Pathology','Disease mechanisms study',50,1,4);
Insert into UNIVERSITY.COURSES (COURSE_ID,COURSE_NAME,DESCRIPTION,CREDIT_HOURS,DEPARTMENT_ID,SEMESTER) values (15,'Pathological Anatomy','Tissues/organs abnorm.',55,1,5);
Insert into UNIVERSITY.COURSES (COURSE_ID,COURSE_NAME,DESCRIPTION,CREDIT_HOURS,DEPARTMENT_ID,SEMESTER) values (16,'Clinical Pharma','Clinical app. study',45,1,5);
Insert into UNIVERSITY.COURSES (COURSE_ID,COURSE_NAME,DESCRIPTION,CREDIT_HOURS,DEPARTMENT_ID,SEMESTER) values (17,'Oral Anatomy','Tooth structure basics',3,2,1);
Insert into UNIVERSITY.COURSES (COURSE_ID,COURSE_NAME,DESCRIPTION,CREDIT_HOURS,DEPARTMENT_ID,SEMESTER) values (18,'Dental Ethics','Professional conduct',2,2,1);
Insert into UNIVERSITY.COURSES (COURSE_ID,COURSE_NAME,DESCRIPTION,CREDIT_HOURS,DEPARTMENT_ID,SEMESTER) values (19,'Dental Histology','Tissue structure',4,2,1);
Insert into UNIVERSITY.COURSES (COURSE_ID,COURSE_NAME,DESCRIPTION,CREDIT_HOURS,DEPARTMENT_ID,SEMESTER) values (20,'Oral Pathology','Disease study',3,2,2);
Insert into UNIVERSITY.COURSES (COURSE_ID,COURSE_NAME,DESCRIPTION,CREDIT_HOURS,DEPARTMENT_ID,SEMESTER) values (21,'Dental Radiology','Imaging techniques',3,2,2);
Insert into UNIVERSITY.COURSES (COURSE_ID,COURSE_NAME,DESCRIPTION,CREDIT_HOURS,DEPARTMENT_ID,SEMESTER) values (22,'Periodontology','Gum disease',4,2,2);
Insert into UNIVERSITY.COURSES (COURSE_ID,COURSE_NAME,DESCRIPTION,CREDIT_HOURS,DEPARTMENT_ID,SEMESTER) values (23,'Oral Surgery','Surgical procedures',4,2,3);
Insert into UNIVERSITY.COURSES (COURSE_ID,COURSE_NAME,DESCRIPTION,CREDIT_HOURS,DEPARTMENT_ID,SEMESTER) values (24,'Dental Pharmacology','Drug interactions',3,2,3);
Insert into UNIVERSITY.COURSES (COURSE_ID,COURSE_NAME,DESCRIPTION,CREDIT_HOURS,DEPARTMENT_ID,SEMESTER) values (25,'Orthodontics','Tooth alignment',3,2,3);
Insert into UNIVERSITY.COURSES (COURSE_ID,COURSE_NAME,DESCRIPTION,CREDIT_HOURS,DEPARTMENT_ID,SEMESTER) values (26,'Pediatric Dentistry','Children dental care',3,2,4);
Insert into UNIVERSITY.COURSES (COURSE_ID,COURSE_NAME,DESCRIPTION,CREDIT_HOURS,DEPARTMENT_ID,SEMESTER) values (27,'Dental Materials','Material science',4,2,4);
Insert into UNIVERSITY.COURSES (COURSE_ID,COURSE_NAME,DESCRIPTION,CREDIT_HOURS,DEPARTMENT_ID,SEMESTER) values (28,'Oral Medicine','Dental health',3,2,4);
Insert into UNIVERSITY.COURSES (COURSE_ID,COURSE_NAME,DESCRIPTION,CREDIT_HOURS,DEPARTMENT_ID,SEMESTER) values (29,'Prosthodontics','Tooth replacement',4,2,5);
Insert into UNIVERSITY.COURSES (COURSE_ID,COURSE_NAME,DESCRIPTION,CREDIT_HOURS,DEPARTMENT_ID,SEMESTER) values (30,'Community Dentistry','Public health',3,2,5);
Insert into UNIVERSITY.COURSES (COURSE_ID,COURSE_NAME,DESCRIPTION,CREDIT_HOURS,DEPARTMENT_ID,SEMESTER) values (31,'Dental Ethics II','Professional conduct',2,2,5);
Insert into UNIVERSITY.COURSES (COURSE_ID,COURSE_NAME,DESCRIPTION,CREDIT_HOURS,DEPARTMENT_ID,SEMESTER) values (32,'Dental Research','Research methods',3,2,6);
Insert into UNIVERSITY.COURSES (COURSE_ID,COURSE_NAME,DESCRIPTION,CREDIT_HOURS,DEPARTMENT_ID,SEMESTER) values (33,'Endodontics','Root canal therapy',4,2,6);
Insert into UNIVERSITY.COURSES (COURSE_ID,COURSE_NAME,DESCRIPTION,CREDIT_HOURS,DEPARTMENT_ID,SEMESTER) values (34,'Oral Radiology','X-ray interpretation',3,2,6);
Insert into UNIVERSITY.COURSES (COURSE_ID,COURSE_NAME,DESCRIPTION,CREDIT_HOURS,DEPARTMENT_ID,SEMESTER) values (35,'Geriatric Dentistry','Elderly dental care',3,2,7);
Insert into UNIVERSITY.COURSES (COURSE_ID,COURSE_NAME,DESCRIPTION,CREDIT_HOURS,DEPARTMENT_ID,SEMESTER) values (36,'Forensic Odontology','Legal aspects',3,2,7);
Insert into UNIVERSITY.COURSES (COURSE_ID,COURSE_NAME,DESCRIPTION,CREDIT_HOURS,DEPARTMENT_ID,SEMESTER) values (37,'Capstone Project','Final research project',3,2,8);
Insert into UNIVERSITY.COURSES (COURSE_ID,COURSE_NAME,DESCRIPTION,CREDIT_HOURS,DEPARTMENT_ID,SEMESTER) values (38,'Adv. Oral Surgery','Complex procedures',4,2,7);
Insert into UNIVERSITY.COURSES (COURSE_ID,COURSE_NAME,DESCRIPTION,CREDIT_HOURS,DEPARTMENT_ID,SEMESTER) values (39,'Practice Management','Business skills',3,2,8);
Insert into UNIVERSITY.COURSES (COURSE_ID,COURSE_NAME,DESCRIPTION,CREDIT_HOURS,DEPARTMENT_ID,SEMESTER) values (40,'Emerging Technology','Innovations in dentistry',4,2,8);
Insert into UNIVERSITY.COURSES (COURSE_ID,COURSE_NAME,DESCRIPTION,CREDIT_HOURS,DEPARTMENT_ID,SEMESTER) values (41,'Pharm Fundamentals','Basic principles',3,3,1);
Insert into UNIVERSITY.COURSES (COURSE_ID,COURSE_NAME,DESCRIPTION,CREDIT_HOURS,DEPARTMENT_ID,SEMESTER) values (42,'Chemistry for Pharma','Chemical concepts',4,3,1);
Insert into UNIVERSITY.COURSES (COURSE_ID,COURSE_NAME,DESCRIPTION,CREDIT_HOURS,DEPARTMENT_ID,SEMESTER) values (43,'Drug Classification','Medication types',3,3,1);
Insert into UNIVERSITY.COURSES (COURSE_ID,COURSE_NAME,DESCRIPTION,CREDIT_HOURS,DEPARTMENT_ID,SEMESTER) values (44,'Pharmaceutical Bio','Biological aspects',4,3,2);
Insert into UNIVERSITY.COURSES (COURSE_ID,COURSE_NAME,DESCRIPTION,CREDIT_HOURS,DEPARTMENT_ID,SEMESTER) values (45,'Pharma Microbiology','Microbial concepts',3,3,2);
Insert into UNIVERSITY.COURSES (COURSE_ID,COURSE_NAME,DESCRIPTION,CREDIT_HOURS,DEPARTMENT_ID,SEMESTER) values (46,'Pharmacology I','Drug effects',4,3,2);
Insert into UNIVERSITY.COURSES (COURSE_ID,COURSE_NAME,DESCRIPTION,CREDIT_HOURS,DEPARTMENT_ID,SEMESTER) values (47,'Medicinal Chemistry','Drug synthesis',4,3,3);
Insert into UNIVERSITY.COURSES (COURSE_ID,COURSE_NAME,DESCRIPTION,CREDIT_HOURS,DEPARTMENT_ID,SEMESTER) values (48,'Pharmacotherapy I','Clinical applications',3,3,3);
Insert into UNIVERSITY.COURSES (COURSE_ID,COURSE_NAME,DESCRIPTION,CREDIT_HOURS,DEPARTMENT_ID,SEMESTER) values (49,'Pharmacokinetics','Drug absorption',4,3,4);
Insert into UNIVERSITY.COURSES (COURSE_ID,COURSE_NAME,DESCRIPTION,CREDIT_HOURS,DEPARTMENT_ID,SEMESTER) values (50,'Pharmacotherapy II','Advanced applications',3,3,4);
Insert into UNIVERSITY.COURSES (COURSE_ID,COURSE_NAME,DESCRIPTION,CREDIT_HOURS,DEPARTMENT_ID,SEMESTER) values (51,'Pharma Marketing','Sales and promotion',3,3,4);
Insert into UNIVERSITY.COURSES (COURSE_ID,COURSE_NAME,DESCRIPTION,CREDIT_HOURS,DEPARTMENT_ID,SEMESTER) values (52,'Pharmaceutical Tech','Drug delivery systems',4,3,5);
Insert into UNIVERSITY.COURSES (COURSE_ID,COURSE_NAME,DESCRIPTION,CREDIT_HOURS,DEPARTMENT_ID,SEMESTER) values (53,'Pharmaceutical Law','Legal aspects',3,3,5);
Insert into UNIVERSITY.COURSES (COURSE_ID,COURSE_NAME,DESCRIPTION,CREDIT_HOURS,DEPARTMENT_ID,SEMESTER) values (54,'Pharmacy Management','Operational skills',3,3,5);
Insert into UNIVERSITY.COURSES (COURSE_ID,COURSE_NAME,DESCRIPTION,CREDIT_HOURS,DEPARTMENT_ID,SEMESTER) values (55,'Pharmacoeconomics','Cost-benefit analysis',3,3,6);
Insert into UNIVERSITY.COURSES (COURSE_ID,COURSE_NAME,DESCRIPTION,CREDIT_HOURS,DEPARTMENT_ID,SEMESTER) values (56,'Clinical Internship','Practical experience',6,3,6);
Insert into UNIVERSITY.COURSES (COURSE_ID,COURSE_NAME,DESCRIPTION,CREDIT_HOURS,DEPARTMENT_ID,SEMESTER) values (57,'Pharma Informatics','Data management',3,3,6);
Insert into UNIVERSITY.COURSES (COURSE_ID,COURSE_NAME,DESCRIPTION,CREDIT_HOURS,DEPARTMENT_ID,SEMESTER) values (58,'Pharmacogenomics','Genetic influences',4,3,7);
Insert into UNIVERSITY.COURSES (COURSE_ID,COURSE_NAME,DESCRIPTION,CREDIT_HOURS,DEPARTMENT_ID,SEMESTER) values (59,'Pharmacy Research','Research methods',3,3,7);
Insert into UNIVERSITY.COURSES (COURSE_ID,COURSE_NAME,DESCRIPTION,CREDIT_HOURS,DEPARTMENT_ID,SEMESTER) values (60,'Pharma Innovation','Cutting-edge developments',4,3,8);
Insert into UNIVERSITY.COURSES (COURSE_ID,COURSE_NAME,DESCRIPTION,CREDIT_HOURS,DEPARTMENT_ID,SEMESTER) values (61,'Capstone Project','Final research project',3,3,8);
Insert into UNIVERSITY.COURSES (COURSE_ID,COURSE_NAME,DESCRIPTION,CREDIT_HOURS,DEPARTMENT_ID,SEMESTER) values (62,'Pharmacy Elective','Specialized topic',3,3,8);
Insert into UNIVERSITY.COURSES (COURSE_ID,COURSE_NAME,DESCRIPTION,CREDIT_HOURS,DEPARTMENT_ID,SEMESTER) values (63,'Intro to Science','Foundational concepts',3,4,1);
Insert into UNIVERSITY.COURSES (COURSE_ID,COURSE_NAME,DESCRIPTION,CREDIT_HOURS,DEPARTMENT_ID,SEMESTER) values (64,'Math Fundamentals','Basic mathematical skills',4,4,1);
Insert into UNIVERSITY.COURSES (COURSE_ID,COURSE_NAME,DESCRIPTION,CREDIT_HOURS,DEPARTMENT_ID,SEMESTER) values (65,'Chemistry Basics','Elementary chemistry',3,4,1);
Insert into UNIVERSITY.COURSES (COURSE_ID,COURSE_NAME,DESCRIPTION,CREDIT_HOURS,DEPARTMENT_ID,SEMESTER) values (66,'Biology Essentials','Fundamental biology',4,4,2);
Insert into UNIVERSITY.COURSES (COURSE_ID,COURSE_NAME,DESCRIPTION,CREDIT_HOURS,DEPARTMENT_ID,SEMESTER) values (67,'Physics Principles','Basic physics laws',3,4,2);
Insert into UNIVERSITY.COURSES (COURSE_ID,COURSE_NAME,DESCRIPTION,CREDIT_HOURS,DEPARTMENT_ID,SEMESTER) values (68,'Scientific Writing','Communication skills',3,4,2);
Insert into UNIVERSITY.COURSES (COURSE_ID,COURSE_NAME,DESCRIPTION,CREDIT_HOURS,DEPARTMENT_ID,SEMESTER) values (69,'Organic Chemistry','Carbon-based compounds',4,4,3);
Insert into UNIVERSITY.COURSES (COURSE_ID,COURSE_NAME,DESCRIPTION,CREDIT_HOURS,DEPARTMENT_ID,SEMESTER) values (70,'Cell Biology','Cellular structure',3,4,3);
Insert into UNIVERSITY.COURSES (COURSE_ID,COURSE_NAME,DESCRIPTION,CREDIT_HOURS,DEPARTMENT_ID,SEMESTER) values (71,'Quantum Physics','Particle behavior',4,4,3);
Insert into UNIVERSITY.COURSES (COURSE_ID,COURSE_NAME,DESCRIPTION,CREDIT_HOURS,DEPARTMENT_ID,SEMESTER) values (72,'Genetics','Study of genes',4,4,4);
Insert into UNIVERSITY.COURSES (COURSE_ID,COURSE_NAME,DESCRIPTION,CREDIT_HOURS,DEPARTMENT_ID,SEMESTER) values (73,'Thermodynamics','Heat and energy',3,4,4);
Insert into UNIVERSITY.COURSES (COURSE_ID,COURSE_NAME,DESCRIPTION,CREDIT_HOURS,DEPARTMENT_ID,SEMESTER) values (74,'Research Methods','Scientific investigation',3,4,4);
Insert into UNIVERSITY.COURSES (COURSE_ID,COURSE_NAME,DESCRIPTION,CREDIT_HOURS,DEPARTMENT_ID,SEMESTER) values (75,'Environmental Sci','Ecosystem studies',4,4,5);
Insert into UNIVERSITY.COURSES (COURSE_ID,COURSE_NAME,DESCRIPTION,CREDIT_HOURS,DEPARTMENT_ID,SEMESTER) values (76,'Astrophysics','Study of celestial bodies',3,4,5);
Insert into UNIVERSITY.COURSES (COURSE_ID,COURSE_NAME,DESCRIPTION,CREDIT_HOURS,DEPARTMENT_ID,SEMESTER) values (77,'Science Ethics','Ethical considerations',3,4,5);
Insert into UNIVERSITY.COURSES (COURSE_ID,COURSE_NAME,DESCRIPTION,CREDIT_HOURS,DEPARTMENT_ID,SEMESTER) values (78,'Neuroscience','Nervous system study',4,4,6);
Insert into UNIVERSITY.COURSES (COURSE_ID,COURSE_NAME,DESCRIPTION,CREDIT_HOURS,DEPARTMENT_ID,SEMESTER) values (79,'Advanced Math','Higher-level mathematics',3,4,6);
Insert into UNIVERSITY.COURSES (COURSE_ID,COURSE_NAME,DESCRIPTION,CREDIT_HOURS,DEPARTMENT_ID,SEMESTER) values (80,'Scientific Computing','Computational skills',3,4,6);
Insert into UNIVERSITY.COURSES (COURSE_ID,COURSE_NAME,DESCRIPTION,CREDIT_HOURS,DEPARTMENT_ID,SEMESTER) values (81,'Bioinformatics','Biological data analysis',4,4,7);
Insert into UNIVERSITY.COURSES (COURSE_ID,COURSE_NAME,DESCRIPTION,CREDIT_HOURS,DEPARTMENT_ID,SEMESTER) values (82,'Chemical Analysis','Analytical chemistry',3,4,7);
Insert into UNIVERSITY.COURSES (COURSE_ID,COURSE_NAME,DESCRIPTION,CREDIT_HOURS,DEPARTMENT_ID,SEMESTER) values (83,'Science Research','Independent research',3,4,7);
Insert into UNIVERSITY.COURSES (COURSE_ID,COURSE_NAME,DESCRIPTION,CREDIT_HOURS,DEPARTMENT_ID,SEMESTER) values (84,'Advanced Physics','Advanced physical laws',4,4,8);
Insert into UNIVERSITY.COURSES (COURSE_ID,COURSE_NAME,DESCRIPTION,CREDIT_HOURS,DEPARTMENT_ID,SEMESTER) values (85,'Capstone Project','Final research project',3,4,8);
Insert into UNIVERSITY.COURSES (COURSE_ID,COURSE_NAME,DESCRIPTION,CREDIT_HOURS,DEPARTMENT_ID,SEMESTER) values (86,'Science Elective','Specialized topic',3,4,8);
Insert into UNIVERSITY.COURSES (COURSE_ID,COURSE_NAME,DESCRIPTION,CREDIT_HOURS,DEPARTMENT_ID,SEMESTER) values (87,'Intro to Physio','Foundational concepts',3,5,1);
Insert into UNIVERSITY.COURSES (COURSE_ID,COURSE_NAME,DESCRIPTION,CREDIT_HOURS,DEPARTMENT_ID,SEMESTER) values (88,'Anatomy Basics','Basic body structure',4,5,1);
Insert into UNIVERSITY.COURSES (COURSE_ID,COURSE_NAME,DESCRIPTION,CREDIT_HOURS,DEPARTMENT_ID,SEMESTER) values (89,'Physio Techniques','Basic therapeutic methods',3,5,1);
Insert into UNIVERSITY.COURSES (COURSE_ID,COURSE_NAME,DESCRIPTION,CREDIT_HOURS,DEPARTMENT_ID,SEMESTER) values (90,'Muscle Physiology','Muscular system functions',4,5,2);
Insert into UNIVERSITY.COURSES (COURSE_ID,COURSE_NAME,DESCRIPTION,CREDIT_HOURS,DEPARTMENT_ID,SEMESTER) values (91,'Joint Anatomy','Structure of joints',3,5,2);
Insert into UNIVERSITY.COURSES (COURSE_ID,COURSE_NAME,DESCRIPTION,CREDIT_HOURS,DEPARTMENT_ID,SEMESTER) values (92,'Physio Assessment','Patient evaluation',4,5,2);
Insert into UNIVERSITY.COURSES (COURSE_ID,COURSE_NAME,DESCRIPTION,CREDIT_HOURS,DEPARTMENT_ID,SEMESTER) values (93,'Neuroanatomy','Nervous system structure',4,5,3);
Insert into UNIVERSITY.COURSES (COURSE_ID,COURSE_NAME,DESCRIPTION,CREDIT_HOURS,DEPARTMENT_ID,SEMESTER) values (94,'Orthopedic Physio I','Musculoskeletal therapy',4,5,3);
Insert into UNIVERSITY.COURSES (COURSE_ID,COURSE_NAME,DESCRIPTION,CREDIT_HOURS,DEPARTMENT_ID,SEMESTER) values (95,'Rehabilitation Tech','Assistive devices',4,5,4);
Insert into UNIVERSITY.COURSES (COURSE_ID,COURSE_NAME,DESCRIPTION,CREDIT_HOURS,DEPARTMENT_ID,SEMESTER) values (96,'Clinical Medicine','Medical conditions overview',3,5,4);
Insert into UNIVERSITY.COURSES (COURSE_ID,COURSE_NAME,DESCRIPTION,CREDIT_HOURS,DEPARTMENT_ID,SEMESTER) values (97,'Neuromuscular Rehab','Nervous and muscular rehab',4,5,5);
Insert into UNIVERSITY.COURSES (COURSE_ID,COURSE_NAME,DESCRIPTION,CREDIT_HOURS,DEPARTMENT_ID,SEMESTER) values (98,'Research Methods','Physio research techniques',3,5,6);
Insert into UNIVERSITY.COURSES (COURSE_ID,COURSE_NAME,DESCRIPTION,CREDIT_HOURS,DEPARTMENT_ID,SEMESTER) values (99,'Cardiac Rehab','Heart patients rehabilitation',4,5,7);
Insert into UNIVERSITY.COURSES (COURSE_ID,COURSE_NAME,DESCRIPTION,CREDIT_HOURS,DEPARTMENT_ID,SEMESTER) values (100,'Pain Management','Managing pain through physio',3,5,7);
Insert into UNIVERSITY.COURSES (COURSE_ID,COURSE_NAME,DESCRIPTION,CREDIT_HOURS,DEPARTMENT_ID,SEMESTER) values (101,'Physio Ethics','Ethical considerations',3,5,7);
Insert into UNIVERSITY.COURSES (COURSE_ID,COURSE_NAME,DESCRIPTION,CREDIT_HOURS,DEPARTMENT_ID,SEMESTER) values (102,'Advanced Techniques','Advanced physio methods',4,5,8);
Insert into UNIVERSITY.COURSES (COURSE_ID,COURSE_NAME,DESCRIPTION,CREDIT_HOURS,DEPARTMENT_ID,SEMESTER) values (103,'Capstone Project','Final research project',3,5,8);
Insert into UNIVERSITY.COURSES (COURSE_ID,COURSE_NAME,DESCRIPTION,CREDIT_HOURS,DEPARTMENT_ID,SEMESTER) values (104,'Physio Elective','Specialized topic',3,5,8);
Insert into UNIVERSITY.COURSES (COURSE_ID,COURSE_NAME,DESCRIPTION,CREDIT_HOURS,DEPARTMENT_ID,SEMESTER) values (141,'Medicine basics','Introduction to Medicine',10,1,1);
Insert into UNIVERSITY.COURSES (COURSE_ID,COURSE_NAME,DESCRIPTION,CREDIT_HOURS,DEPARTMENT_ID,SEMESTER) values (125,'Ethics','Ethics',10,2,3);
REM INSERTING into UNIVERSITY.DEPARTMENTS
SET DEFINE OFF;
Insert into UNIVERSITY.DEPARTMENTS (DEPARTMENT_ID,DEPARTMENT_NAME) values (3,'Pharmacy');
Insert into UNIVERSITY.DEPARTMENTS (DEPARTMENT_ID,DEPARTMENT_NAME) values (4,'Science');
Insert into UNIVERSITY.DEPARTMENTS (DEPARTMENT_ID,DEPARTMENT_NAME) values (5,'Physiotherapy');
Insert into UNIVERSITY.DEPARTMENTS (DEPARTMENT_ID,DEPARTMENT_NAME) values (1,'Medicine');
Insert into UNIVERSITY.DEPARTMENTS (DEPARTMENT_ID,DEPARTMENT_NAME) values (2,'Dentistry');
REM INSERTING into UNIVERSITY.ENROLLMENT
SET DEFINE OFF;
Insert into UNIVERSITY.ENROLLMENT (STUDENT_ID,COURSE_ID,GRADE,POINTS,QUALITY_POINTS) values (3,4,'A',4,220);
Insert into UNIVERSITY.ENROLLMENT (STUDENT_ID,COURSE_ID,GRADE,POINTS,QUALITY_POINTS) values (4,6,'B',3,120);
Insert into UNIVERSITY.ENROLLMENT (STUDENT_ID,COURSE_ID,GRADE,POINTS,QUALITY_POINTS) values (3,6,'C',2,80);
Insert into UNIVERSITY.ENROLLMENT (STUDENT_ID,COURSE_ID,GRADE,POINTS,QUALITY_POINTS) values (4,4,'C',2,110);
Insert into UNIVERSITY.ENROLLMENT (STUDENT_ID,COURSE_ID,GRADE,POINTS,QUALITY_POINTS) values (3,3,'C',2,100);
Insert into UNIVERSITY.ENROLLMENT (STUDENT_ID,COURSE_ID,GRADE,POINTS,QUALITY_POINTS) values (4,7,'A',4,200);
Insert into UNIVERSITY.ENROLLMENT (STUDENT_ID,COURSE_ID,GRADE,POINTS,QUALITY_POINTS) values (6,28,'A',4,12);
Insert into UNIVERSITY.ENROLLMENT (STUDENT_ID,COURSE_ID,GRADE,POINTS,QUALITY_POINTS) values (5,25,'B',3,9);
Insert into UNIVERSITY.ENROLLMENT (STUDENT_ID,COURSE_ID,GRADE,POINTS,QUALITY_POINTS) values (4,14,'B',3,150);
Insert into UNIVERSITY.ENROLLMENT (STUDENT_ID,COURSE_ID,GRADE,POINTS,QUALITY_POINTS) values (3,9,'B',3,150);
Insert into UNIVERSITY.ENROLLMENT (STUDENT_ID,COURSE_ID,GRADE,POINTS,QUALITY_POINTS) values (4,13,'C',2,80);
Insert into UNIVERSITY.ENROLLMENT (STUDENT_ID,COURSE_ID,GRADE,POINTS,QUALITY_POINTS) values (3,11,'A',4,220);
Insert into UNIVERSITY.ENROLLMENT (STUDENT_ID,COURSE_ID,GRADE,POINTS,QUALITY_POINTS) values (9,59,'C',2,6);
Insert into UNIVERSITY.ENROLLMENT (STUDENT_ID,COURSE_ID,GRADE,POINTS,QUALITY_POINTS) values (9,58,'B',3,12);
Insert into UNIVERSITY.ENROLLMENT (STUDENT_ID,COURSE_ID,GRADE,POINTS,QUALITY_POINTS) values (13,68,'B',3,9);
Insert into UNIVERSITY.ENROLLMENT (STUDENT_ID,COURSE_ID,GRADE,POINTS,QUALITY_POINTS) values (13,67,'A',4,12);
Insert into UNIVERSITY.ENROLLMENT (STUDENT_ID,COURSE_ID,GRADE,POINTS,QUALITY_POINTS) values (13,66,'B',3,12);
Insert into UNIVERSITY.ENROLLMENT (STUDENT_ID,COURSE_ID,GRADE,POINTS,QUALITY_POINTS) values (1,34,'B',3,9);
Insert into UNIVERSITY.ENROLLMENT (STUDENT_ID,COURSE_ID,GRADE,POINTS,QUALITY_POINTS) values (1,33,'A',4,16);
Insert into UNIVERSITY.ENROLLMENT (STUDENT_ID,COURSE_ID,GRADE,POINTS,QUALITY_POINTS) values (1,32,'C',2,6);
Insert into UNIVERSITY.ENROLLMENT (STUDENT_ID,COURSE_ID,GRADE,POINTS,QUALITY_POINTS) values (14,97,'B',3,12);
Insert into UNIVERSITY.ENROLLMENT (STUDENT_ID,COURSE_ID,GRADE,POINTS,QUALITY_POINTS) values (15,92,'D',1,4);
Insert into UNIVERSITY.ENROLLMENT (STUDENT_ID,COURSE_ID,GRADE,POINTS,QUALITY_POINTS) values (15,91,'C',2,6);
Insert into UNIVERSITY.ENROLLMENT (STUDENT_ID,COURSE_ID,GRADE,POINTS,QUALITY_POINTS) values (15,90,'B',3,12);
Insert into UNIVERSITY.ENROLLMENT (STUDENT_ID,COURSE_ID,GRADE,POINTS,QUALITY_POINTS) values (5,125,'A',4,40);
Insert into UNIVERSITY.ENROLLMENT (STUDENT_ID,COURSE_ID,GRADE,POINTS,QUALITY_POINTS) values (5,24,'A',4,12);
Insert into UNIVERSITY.ENROLLMENT (STUDENT_ID,COURSE_ID,GRADE,POINTS,QUALITY_POINTS) values (5,23,'D',1,4);
Insert into UNIVERSITY.ENROLLMENT (STUDENT_ID,COURSE_ID,GRADE,POINTS,QUALITY_POINTS) values (10,43,'A',4,12);
Insert into UNIVERSITY.ENROLLMENT (STUDENT_ID,COURSE_ID,GRADE,POINTS,QUALITY_POINTS) values (10,42,'C',2,8);
Insert into UNIVERSITY.ENROLLMENT (STUDENT_ID,COURSE_ID,GRADE,POINTS,QUALITY_POINTS) values (10,41,'B',3,9);
Insert into UNIVERSITY.ENROLLMENT (STUDENT_ID,COURSE_ID,GRADE,POINTS,QUALITY_POINTS) values (16,101,'B',3,9);
Insert into UNIVERSITY.ENROLLMENT (STUDENT_ID,COURSE_ID,GRADE,POINTS,QUALITY_POINTS) values (16,100,'A',4,12);
Insert into UNIVERSITY.ENROLLMENT (STUDENT_ID,COURSE_ID,GRADE,POINTS,QUALITY_POINTS) values (16,99,'B',3,12);
Insert into UNIVERSITY.ENROLLMENT (STUDENT_ID,COURSE_ID,GRADE,POINTS,QUALITY_POINTS) values (12,71,'B',3,12);
Insert into UNIVERSITY.ENROLLMENT (STUDENT_ID,COURSE_ID,GRADE,POINTS,QUALITY_POINTS) values (12,70,'A',4,12);
Insert into UNIVERSITY.ENROLLMENT (STUDENT_ID,COURSE_ID,GRADE,POINTS,QUALITY_POINTS) values (12,69,'A',4,16);
REM INSERTING into UNIVERSITY.STUDENTS
SET DEFINE OFF;
Insert into UNIVERSITY.STUDENTS (STUDENT_ID,FIRST_NAME,LAST_NAME,EMAIL,PHONE_NUMBER,DOB,STREET,CITY,GPA,DEPARTMENT_ID,SEMESTER) values (3,'Fatma','Ali','fatma.ali@gmail.com','0112345678',to_date('20-MAY-00','DD-MON-RR'),'Sphinx Avenue','Giza',3.29,1,2);
Insert into UNIVERSITY.STUDENTS (STUDENT_ID,FIRST_NAME,LAST_NAME,EMAIL,PHONE_NUMBER,DOB,STREET,CITY,GPA,DEPARTMENT_ID,SEMESTER) values (4,'Mahmoud','Ibrahim','mahmoud.ibrahim@gmail.com','0123456789',to_date('25-JUN-97','DD-MON-RR'),'Pyramids Road','Luxor',3.06,1,4);
Insert into UNIVERSITY.STUDENTS (STUDENT_ID,FIRST_NAME,LAST_NAME,EMAIL,PHONE_NUMBER,DOB,STREET,CITY,GPA,DEPARTMENT_ID,SEMESTER) values (5,'Hassan','Ali','hassan.ali@gmail.com','0101111222',to_date('18-MAR-99','DD-MON-RR'),'Pharaoh Street','Aswan',3.25,2,3);
Insert into UNIVERSITY.STUDENTS (STUDENT_ID,FIRST_NAME,LAST_NAME,EMAIL,PHONE_NUMBER,DOB,STREET,CITY,GPA,DEPARTMENT_ID,SEMESTER) values (6,'Nour','Eldin','nour.eldin@gmail.com','0112222333',to_date('22-SEP-01','DD-MON-RR'),'Oasis Lane','Hurghada',4,2,4);
Insert into UNIVERSITY.STUDENTS (STUDENT_ID,FIRST_NAME,LAST_NAME,EMAIL,PHONE_NUMBER,DOB,STREET,CITY,GPA,DEPARTMENT_ID,SEMESTER) values (7,'Amira','Abdelrahman','amira.abdelrahman@gmail.com','0123333444',to_date('30-JUL-98','DD-MON-RR'),'Red Sea Road','Marsa Alam',null,2,8);
Insert into UNIVERSITY.STUDENTS (STUDENT_ID,FIRST_NAME,LAST_NAME,EMAIL,PHONE_NUMBER,DOB,STREET,CITY,GPA,DEPARTMENT_ID,SEMESTER) values (8,'Youssef','Fathy','youssef.fathy@gmail.com','0109999888',to_date('12-JAN-02','DD-MON-RR'),'Citadel Street','Alexandria',null,3,6);
Insert into UNIVERSITY.STUDENTS (STUDENT_ID,FIRST_NAME,LAST_NAME,EMAIL,PHONE_NUMBER,DOB,STREET,CITY,GPA,DEPARTMENT_ID,SEMESTER) values (9,'Laila','Khalil','laila.khalil@gmail.com','0118888777',to_date('08-NOV-97','DD-MON-RR'),'Montaza Avenue','Port Said',2.57,3,7);
Insert into UNIVERSITY.STUDENTS (STUDENT_ID,FIRST_NAME,LAST_NAME,EMAIL,PHONE_NUMBER,DOB,STREET,CITY,GPA,DEPARTMENT_ID,SEMESTER) values (10,'Omar','Saad','omar.saad@gmail.com','0127777666',to_date('05-MAY-00','DD-MON-RR'),'Rosetta Lane','Damietta',2.9,3,1);
Insert into UNIVERSITY.STUDENTS (STUDENT_ID,FIRST_NAME,LAST_NAME,EMAIL,PHONE_NUMBER,DOB,STREET,CITY,GPA,DEPARTMENT_ID,SEMESTER) values (11,'Sara','Ezzat','sara.ezzat@gmail.com','0105555444',to_date('19-AUG-96','DD-MON-RR'),'Nile Delta Road','Tanta',null,4,1);
Insert into UNIVERSITY.STUDENTS (STUDENT_ID,FIRST_NAME,LAST_NAME,EMAIL,PHONE_NUMBER,DOB,STREET,CITY,GPA,DEPARTMENT_ID,SEMESTER) values (12,'Khaled','Ramy','khaled.ramy@gmail.com','0114444333',to_date('25-JUL-01','DD-MON-RR'),'Delta Avenue','Mansoura',3.64,4,3);
Insert into UNIVERSITY.STUDENTS (STUDENT_ID,FIRST_NAME,LAST_NAME,EMAIL,PHONE_NUMBER,DOB,STREET,CITY,GPA,DEPARTMENT_ID,SEMESTER) values (13,'Nadia','Adel','nadia.adel@gmail.com','0123333222',to_date('14-JUN-99','DD-MON-RR'),'Rosetta Street','Zagazig',3.3,4,2);
Insert into UNIVERSITY.STUDENTS (STUDENT_ID,FIRST_NAME,LAST_NAME,EMAIL,PHONE_NUMBER,DOB,STREET,CITY,GPA,DEPARTMENT_ID,SEMESTER) values (14,'Ahmed','Nader','ahmed.nader@gmail.com','0106666555',to_date('02-APR-00','DD-MON-RR'),'Siwa Oasis Road','Siwa',3,5,5);
Insert into UNIVERSITY.STUDENTS (STUDENT_ID,FIRST_NAME,LAST_NAME,EMAIL,PHONE_NUMBER,DOB,STREET,CITY,GPA,DEPARTMENT_ID,SEMESTER) values (1,'Mohamed','Ashraf','Mohamed_Ashraf@gmail.com','0101464855',to_date('25-JUN-01','DD-MON-RR'),'EL Shohada street','Alexandria',3.1,2,6);
Insert into UNIVERSITY.STUDENTS (STUDENT_ID,FIRST_NAME,LAST_NAME,EMAIL,PHONE_NUMBER,DOB,STREET,CITY,GPA,DEPARTMENT_ID,SEMESTER) values (2,'Ahmed','Mohamed','ahmed.mohamed@gmail.com','0101234567',to_date('15-APR-98','DD-MON-RR'),'Nile Street','Cairo',null,1,8);
Insert into UNIVERSITY.STUDENTS (STUDENT_ID,FIRST_NAME,LAST_NAME,EMAIL,PHONE_NUMBER,DOB,STREET,CITY,GPA,DEPARTMENT_ID,SEMESTER) values (15,'Nagwa','Mahmoud','nagwa.mahmoud@gmail.com','0115555444',to_date('10-DEC-98','DD-MON-RR'),'Western Desert Street','Matruh',2,5,2);
Insert into UNIVERSITY.STUDENTS (STUDENT_ID,FIRST_NAME,LAST_NAME,EMAIL,PHONE_NUMBER,DOB,STREET,CITY,GPA,DEPARTMENT_ID,SEMESTER) values (16,'Yassin','Hassan','yassin.hassan@gmail.com','0124444333',to_date('28-JAN-01','DD-MON-RR'),'Bahariya Avenue','Bahariya',3.3,5,7);
